source_type,source_name,source_url,source_notice_id,title,body,published_at,deadline_at,dedupe_hash,is_processed,is_embedded,is_deleted,created_at,updated_at,published_at_raw,published_at_inferred,published_at_final,published_at_confidence,notice_tag,category_final,category_reason,deadline_text,content_hash
university_portal,ajou_oia,https://www.ajou.ac.kr/oia/notice/notice.do?mode=view&articleNo=360847&article.offset=0&articleLimit=10,360847,2026-2학기 파견 교환 및 복수학위 1차 모집 서류 합격자 공지,"국제교류팀
국제교류팀
작성일
2026-01-05
조회수
8365
(홈페이지 공지용) 2026-2학기 파견 교환 및 복수학위 1차모집 서류합격자 명단.pdf
*공통 유의사항(필독)
1) 면접 대상자들에게는 면접 일정 및 ZOOM 링크가
2026.01.08.(목) 18:00이내
지원서 제출 시 기입했던 이메일로 일괄 발송 될 예정입니다.
면접대상자 명단에 포함되었으나
2026.01.08.(목) 18:00이내
면접 안내 이메일을 수신하지 못한 경우 국제교류팀으로 연락 바랍니다.
2)
가산점 관련 서류는
2026.01.09.(금) 16:00이내
의 기한 내 제출 바라며, 제출자에 한하여 가산점 반영 예정임을 유의 바랍니다. (제출 링크:
구글폼(클릭)
)
3) 면접확인서 발급이 필요한 학생의 경우,
""
면접전형 종료 이후
"" 일주일 이내로
exch@ajou.ac
.kr로 성명/학과/학번/배정된 면접시간과 함께 요청 이메일을 보내주세요.
4) 기타 유의사항 및 안내사항은 아래 자료를 참고하시기 바라며, 미확인으로 인한 불이익은 지원자 본인에게 책임이 있음을 유의 바랍니다.
이전글
2026-2학기 파견 교환 및 복수학위 1차모집 공고
다음글
2026-2학기 파견 교환 및 복수학위 1차 모집 최종합격자 공고
목록",2026-01-05,,9389329c5545cf5d7d3946539ce53b1f16a6670b331a6a8d5bbd4f78b664c593,False,False,False,2026-02-21T11:20:51+09:00,2026-02-21T11:20:51+09:00,2026-01-05,2026-01-05,2026-01-05,high,Outgoing,exchange,교환,,c451e42d234c9291f5b6a2b207b86ae5719d98e8b3da5daaa73b313b17e73fe8
university_portal,ajou_oia,https://www.ajou.ac.kr/oia/notice/notice.do?mode=view&articleNo=360080&article.offset=0&articleLimit=10,360080,2026-2학기 파견 교환 및 복수학위 1차모집 공고,"국제교류팀
국제교류팀
작성일
2025-12-15
조회수
17442
(붙임3) (1차모집) 2026-2학기 파견 교환학생 및 복수학위 지원 대학 목록(홈페이지 공고용)_1222.xlsx
(붙임1) (1차모집) 26-2학기 파견 교환 및 복수학위 모집 요강_1222.pdf
2026-2학기 파견 교환학생 및 복수학위생 1차 모집
을 안내하오니, 붙임의 모집요강을 꼼꼼하게 참고하시어 관심 있는 학생들의 많은 지원 바랍니다.
※유의사항
- 어학시험 증명서 파일명은 성명_학번_1차지원_어학시험종류 로 반드시 변경하여 제출
- 지원서 제출 시 이메일주소는 본교 도메인(@ajou.ac.kr) 계정으로 기재하여 제출
- 학교 별 T/O, 지원 가능 대학, 세부 요건 등은 업데이트 될 경우 본 공지사항에 추가됩니다.
- 이전 선발 합격 후 파견 포기한 학생은 국제교류팀으로 문의(exch@ajou.ac.kr) 후 지원 가능합니다.
-
교환신청 대학의 자격요건(어학/전공/학점/파견학년) 검토의 책임은 지원자
에게 있으며,
최종합격 이후 자격요건 미달 및 전공 불일치로 파견이 취소 될 수 있으므로,
대학 홈페이지와 Factsheet 등을 반드시 개별적으로 참고
하여 검토 바랍니다
- 지원 마감일 이후에는 어떠한 사유로도 지망대학 변경이 불가합니다.
- 최종합격자 발표 이후에는 어떠한 서유로도 배정대학 변경이 불가합니다.
- 1년(2개 학기)지원자는 구글폼으로 별도 지원 필수. 12/22자 업데이트된 모집 요강 참고할 것
---------------------------------------------------------------
2025.12.16. Updated
-폴란드 University of Warsaw 어학요건 수정
-독일 TU Dresden 어학요건 수정(토익추가)
2025.12.17. Updated
- 네덜란드 Maastricht University 어학요건 수정(토익추가, 세부요건 필히 확인)
- 스웨덴 Linnaeus University 추가
- 핀란드 Tampere University, Haaga-Helia University of Applied Sciences 추가
2025.12.22. Updated
- 대만 NTNU 추가
- 인도네시아 Universitas Indonesia 추가
- 핀란드 LAB University of Applied Sciences, Tampere University of Applied Sciences 추가
- 체코 Czech Technical University in Prague 학점 요건 추가
- 스웨덴 Linnaeus University 어학 세부요건 추가
- 독일 Dresden University of Technology 토익 세부요건 추가
- Julius-Maximilians-Universität Würzburg 티오 수정
- 영국 University of Bradford 제외
※ 첨부파일(총 2개)
- (1차모집) 26-2학기 파견 교환학생 및 복수학위 선발 요강
- (1차모집) 26-2학기 파견 교환학생 및 복수학위 지원대학목록
문의처:
exch@ajou.ac
.kr
이전글
2026-2학기 파견 학부·석사 연계과정 프로그램 모집 공고
다음글
2026-2학기 파견 교환 및 복수학위 1차 모집 서류 합격자 공지
목록",2025-12-15,,1b166d3e07c41bf445f8e4c8f3b47ad907e99a5672a0450ce3934057e75f8da2,False,False,False,2026-02-21T11:20:51+09:00,2026-02-21T11:20:51+09:00,2025-12-15,2025-12-15,2025-12-15,high,Outgoing,exchange,교환,,d96d95fbf53eb3d4f5e7bd697386a4b1e000b981941645bfb24cec7a710e4e31
university_portal,ajou_oia,https://www.ajou.ac.kr/oia/notice/notice.do?mode=view&articleNo=359975&article.offset=0&articleLimit=10,359975,2026-2학기 파견 학부·석사 연계과정 프로그램 모집 공고,"국제교류팀
국제교류팀
작성일
2025-12-12
조회수
14355
(붙임2) 졸업계획서.hwp
(붙임2)2026-2학기 학부 해외석사 연계 과정생 2차 모집 공고문(최종).pdf
2026-2학기 파견 해외 우수대학 학부 및 해외석사 연계 과정생 모집 안내 주요 사항
- 지원서 제출 기간: 2025.12.15.(월)~2025.12.21.(일) 23:59PM
* 포털 지원 및 구글폼 작성
모두 제출
하여야 정상 접수되오니 이점 유의하시기 바랍니다.
이전글
[당일 재공지][국제교류팀] 2026-2학기 교환학생/복수학위/학석사연계 프로그램 설명회 개최 안내
다음글
2026-2학기 파견 교환 및 복수학위 1차모집 공고
목록",2025-12-12,,0386b1b100e9b120cb2ada24bd93e03b4ab55ddeb2658bd7b3866f9e1f6e1f8b,False,False,False,2026-02-21T11:20:51+09:00,2026-02-21T11:20:51+09:00,2025-12-12,2025-12-12,2025-12-12,high,Outgoing,exchange,교환,,e8bf51931071079c56479a34fda169e130cddf4f4c8f894a178905c9ba90a710
university_portal,ajou_oia,https://www.ajou.ac.kr/oia/notice/notice.do?mode=view&articleNo=359877&article.offset=0&articleLimit=10,359877,[당일 재공지][국제교류팀] 2026-2학기 교환학생/복수학위/학석사연계 프로그램 설명회 개최 안내,"국제교류팀
국제교류팀
작성일
2025-12-11
조회수
11706
2026학년도 2학기 교환학생, 복수학위 및 학석사 연계과정 프로그램 설명회
를
오늘 4시, 율곡관 영상회의실(151호)
에서 진행하오니
관심 있는 학생분들의 많은 관심과 참석 바랍니다.
문의처:
exch@ajou.ac.kr
이전글
(D-2) 2026-2학기 교환학생 및 복수학위 프로그램 설명회 개최 안내
다음글
2026-2학기 파견 학부·석사 연계과정 프로그램 모집 공고
목록",2025-12-11,,66e1ef14fc09a58269ca3166b38725567678940e85a0f57ffa1648405c371222,False,False,False,2026-02-21T11:20:51+09:00,2026-02-21T11:20:51+09:00,2025-12-11,2025-12-11,2025-12-11,high,Outgoing,visa,d-2,,f60fb1f1ffd8b88b6b4daf7536d561bbee8c23b46eb307a6c9908d546fae2674
university_portal,ajou_oia,https://www.ajou.ac.kr/oia/notice/notice.do?mode=view&articleNo=359784&article.offset=0&articleLimit=10,359784,(D-2) 2026-2학기 교환학생 및 복수학위 프로그램 설명회 개최 안내,"국제교류팀
국제교류팀
작성일
2025-12-09
조회수
10941
2026학년도 2학기 교환학생 및 복수학위 프로그램 설명회 및 모집 일정
을 아래와 같이 안내드리오니
관심 있는 학생분들의 많은 관심과 지원 바랍니다.
문의처:
exch@ajou.ac.kr
이전글
2025년 동계 3차 해외단기파견 합격자 발표
다음글
[당일 재공지][국제교류팀] 2026-2학기 교환학생/복수학위/학석사연계 프로그램 설명회 개최 안내
목록",2025-12-09,,81994bfbaddb8ef4ca174adda0f2621ad4174a33c31ace366dd231b1b7460e75,False,False,False,2026-02-21T11:20:51+09:00,2026-02-21T11:20:51+09:00,2025-12-09,2025-12-09,2025-12-09,high,Outgoing,visa,d-2,,d986eb1c317a139ee2261aebbc3940771bdd8cb198af856f48448a087e451e81
university_portal,ajou_oia,https://www.ajou.ac.kr/oia/notice/notice.do?mode=view&articleNo=359733&article.offset=0&articleLimit=10,359733,2025년 동계 3차 해외단기파견 합격자 발표,"국제교류팀
OIA
작성일
2025-12-08
조회수
16392
2025-동계 해외단기파견 3차모집 최종합격자 안내.pdf
2025-동계 해외단기파견 3차 모집 합격자 명단.pdf
2025학년도 동계계절 해외단기파견프로그램
3차 모집
최종 합격자 발표
2025학년도 동계계절 해외단기파견 프로그램 3차 모집에 지원해주신 학생 여러분께 감사드립니다.
진행된 서류심사 결과에 따른 최종 합격자와 파견대학은 붙임의 ""합격자 명단""을 확인 부탁 드립니다.
25-동계 3차 해외단기파견 합격자에게는 개별적으로 이메일을 발송할 예정이니,
확인 후 이메일로 회신
부탁드립니다.
감사합니다.
국제협력처 국제교류팀
031-219-3522 |
short-term@ajou.ac.kr
이전글
2026-2학기 교환학생 및 복수학위 선발 예고
다음글
(D-2) 2026-2학기 교환학생 및 복수학위 프로그램 설명회 개최 안내
목록",2025-12-08,,f19bcc46c85e49cbb4362143ee59debe58e76edf906419151a72d301c9fbfb09,False,False,False,2026-02-21T11:20:51+09:00,2026-02-21T11:20:51+09:00,2025-12-08,2025-12-08,2025-12-08,high,Outgoing,visa,d-2,,f4b647022c434211b36f4c7f19b72bf54a055904b64af7d98d38ca4c049dbfe0
university_portal,ajou_oia,https://www.ajou.ac.kr/oia/notice/notice.do?mode=view&articleNo=359482&article.offset=0&articleLimit=10,359482,2026-2학기 교환학생 및 복수학위 선발 예고,"국제교류팀
국제교류팀
작성일
2025-12-02
조회수
12132
2026학년도 2학기 교환학생 및 복수학위 프로그램 선발 일정
을 아래와 같이 안내드리오니
관심 있는 학생분들의 많은 관심과 지원 바랍니다.
더불어 오는 12월 11일 진행 예정인 2026-2학기 파견 설명회 행사 또한 많은 관심과 참석 바랍니다.
문의처:
exch@ajou.ac.kr
이전글
[국제교류팀] [동계 3차] 2025 해외단기파견 프로그램 참가자 모집 (11/24~11/30)
다음글
2025년 동계 3차 해외단기파견 합격자 발표
목록",2025-12-02,,7dc84fd8b74848c6d3974460cf83e9339ac0a4c4f98b60ac0cdeac5c41b57c27,False,False,False,2026-02-21T11:20:51+09:00,2026-02-21T11:20:51+09:00,2025-12-02,2025-12-02,2025-12-02,high,Outgoing,exchange,교환,,7187e1d44b68f2c2916dfc8587ae68097674cfc9ce6f76c0e5e546290c9dcf22
university_portal,ajou_oia,https://www.ajou.ac.kr/oia/notice/notice.do?mode=view&articleNo=358924&article.offset=0&articleLimit=10,358924,[국제교류팀] [동계 3차] 2025 해외단기파견 프로그램 참가자 모집 (11/24~11/30),"국제교류팀
OIA
작성일
2025-11-21
조회수
13546
(필독) 2025-동계 3차 해외단기파견 학생 모집 공고문(2025.11.19.).pdf
(지원동기서)_2025_동계_해외단기파견프로그램_(양식).docx
(지원동기서)_2025_동계_해외단기파견프로그램_(양식).hwp
(3차)_25-동계_해외단기파견프로그램_지원방법.pdf
서약서(8학기참여자).hwp
25_동계 3차 사전설명회 자료.pdf
2025년 동계 3차 해외단기파견 프로그램 참가자 모집
▶[필독]
학생 모집 공고문
PDF
파일
을 꼭! 확인하여
파견교별 과목, 어학성적 요건, 장학금 등에 대한 상세한 내용을 빠짐없이 읽어주세요.
▶
[일정]
▷
2025.11.24.(월) ~ 2025.11.30.(일) 23:59까지
| 지원서 작성 (★
★
★
아주포털 및 구글폼(지원동기) 꼭
2개 모두
작성!
★
★
★
)
▷ 2025.12.08.(월) 18:00 이후 | 합격자 발표
▶
[지원 방법]
1. AIMS 포털 신청
2. 구글폼 지원서 제출:
https://forms.gle/MUPTFKmkKoRxuaTHA
▶
[문의]
율곡관 152호 ㅣ tel: 031-219-3522 ㅣ
short-term@ajou.ac.kr
▶ [파견교별 프로그램 Brochure]
[필독]
학생 모집 공고문
PDF
파일
내 링크 확인 및
구글드라이브
(클릭) 확인
▶ [파견교별 참가자 후기]
국제교류팀 홈페이지:
기파견자 참가후기 바로가기
(클릭)
▶ [사전설명회 참여방법]
- ZOOM 온라인 사전설
명회 진행: 11.26
.(수) 15:00 (회의실 코드: 852 3270 9592 / PW: 1126)
▶ [문의사항]
○
국제협력처 국제교류팀
(Office of International Affairs, Int’l Exchange and Cooperation Team)
☞ 아주대학교 율곡관 152호
 E-mail:
short-term@ajou.ac.kr
☎ 031-219-3522

https://oia.ajou.ac.kr/oia/outgoing/short-intro.do
이전글
2025 국제겨울학교(AIWS) 버디(Buddy) 학생 모집 공고
다음글
2026-2학기 교환학생 및 복수학위 선발 예고
목록",2025-11-21,,9a17cd6fd8bb538963cdfa440dd2fdeaed613f1cd1b5327ac926e88b97345741,False,False,False,2026-02-21T11:20:51+09:00,2026-02-21T11:20:51+09:00,2025-11-21,2025-11-21,2025-11-21,high,Outgoing,exchange,outgoing,,851ea206b65da87801299eb3c2a2767d80429418845685e800ce1873ef89d56e
university_portal,ajou_oia,https://www.ajou.ac.kr/oia/notice/notice.do?mode=view&articleNo=364896&article.offset=0&articleLimit=10,364896,[공지][국제교류팀] 2026-2학기 파견 학부·석사 연계과정 프로그램 설명회 안내(미국 Purdue University),"[국제교류팀] 2026-2학기 파견 학부·석사 연계과정 프로그램 설명회 안내(미국 Purdue University)
국제교류팀
국제교류팀
작성일
2026-03-12
조회수
1386
일시:
2026.03.19.(목) 20:00 KST
, Online ZOOM 진행
참가 신청서:
https://forms.gle/Xh2moae1YjnNeTBM9
이전글
2026-2학기 교환학생 및 복수학위 3차모집 예고
다음글
다음글이 없습니다.
목록",2027-12-01,,525bcd8e6fc3558de3c4df2947a13d871f718f2993856975bb0f4df152fa8c53,False,False,False,2026-03-17T21:11:36+09:00,2026-03-17T21:11:36+09:00,2027-12-01,2026-03-12,2027-12-01,high,공지,exchange,교환,,488a9da48bd0788062f243473e79989f1a1d28c79c5801c572e57b15900d9cf8
university_portal,ajou_oia,https://www.ajou.ac.kr/oia/notice/notice.do?mode=view&articleNo=364623&article.offset=0&articleLimit=10,364623,[공지]2026-2학기 교환학생 및 복수학위 3차모집 예고,"2026-2학기 교환학생 및 복수학위 3차모집 예고
국제교류팀
국제교류팀
작성일
2026-03-10
조회수
1804
2026-2학기 파견되는 교환학생 및 복수학위 3차모집
을 아래와 같이 예고하오니
관심 있는 학생들의 참고 바랍니다.
3차모집 지원서 접수기간:
2026.03.30.(월)~04.07.(화) 14:00
이전글
[재공지] 2026-2학기 파견 학·석사 연계과정 추가모집 공고
다음글
[국제교류팀] 2026-2학기 파견 학부·석사 연계과정 프로그램 설명회 안내(미국 Purdue University)
목록",2027-12-01,,eea3507c3c46754dcdb532f94168a3c7812d0ea30818a49eb4e05ef568726011,False,False,False,2026-03-17T21:11:36+09:00,2026-03-17T21:11:36+09:00,2027-12-01,2026-03-10,2027-12-01,high,공지,exchange,교환,,c4d8d72a32d816057ea1da07b2af12b892a9e997f21ec3fa9d2933710e1e1518
university_portal,ajou_oia,https://www.ajou.ac.kr/oia/notice/notice.do?mode=view&articleNo=364475&article.offset=0&articleLimit=10,364475,[공지][재공지] 2026-2학기 파견 학·석사 연계과정 추가모집 공고,"[재공지] 2026-2학기 파견 학·석사 연계과정 추가모집 공고
국제교류팀
국제교류팀
작성일
2026-03-09
조회수
1906
(붙임2) 졸업계획서.hwp
(붙임1)2026-2학기 학부 해외석사 연계 과정생 2차 추가 모집 공고문_0316.pdf
2026-2학기 파견 학·석사 연계과정 추가모집
을 안내하오니, 붙임의 모집요강을 꼼꼼하게 참고하시어 관심 있는 학생들의 많은 지원 바랍니다.
- 이전 선발 합격 후 파견 포기한 학생은 국제교류팀으로 문의(exch@ajou.ac.kr) 후 지원 가능합니다.
- 지원 마감일 이후에는 어떠한 사유로도 지망대학 변경이 불가합니다.
- 최종합격자 발표 이후에는 어떠한 서유로도 배정대학 변경이 불가합니다.
- (학부 석사 연계과정)
포털 지원 및 구글폼 작성
모두 제출
하여야 정상 접수되오니 이점 유의하시기 바랍니다.
- 구글폼 링크:
https://forms.gle/9s6xSSbd1VvuALCq7
* Purdue University 어학 세부요건 업데이트 (2026.03.16.자)
이전글
[필독][26.3월 업데이트] 학점이관 신청 방법 및 안내사항 총정리 (2026.03. ver.)
다음글
2026-2학기 교환학생 및 복수학위 3차모집 예고
목록",2027-12-01,,5b3820f33c6bb3771b1a26359c4193d0e56ca056754ca01b69feb943ba0b5191,False,False,False,2026-03-17T21:11:36+09:00,2026-03-17T21:11:36+09:00,2027-12-01,2026-03-09,2027-12-01,high,공지,exchange,교환,,fcc1b56823d21948229c8cc7c10a15ca4d585aa7bf293e31b6f579bfae7d0868
university_portal,ajou_oia,https://www.ajou.ac.kr/oia/notice/notice.do?mode=view&articleNo=364497&article.offset=0&articleLimit=10,364497,2026-2학기 파견 교환 및 복수학위 2차 모집 서류 합격자 공지,"국제교류팀
국제교류팀
작성일
2026-03-09
조회수
1777
(홈페이지 공지용) 2026-2학기 파견 교환 및 복수학위 2차모집 서류합격자 명단.pdf
*공통 유의사항(필독)
1) 면접 대상자들에게는 면접 일정 및 ZOOM 링크가
2026.03.10.(화) 18:00이내
지원서 제출 시 기입했던 이메일로 일괄 발송 될 예정입니다.
면접대상자 명단에 포함되었으나
2026.03.10.(화) 18:00이내
면접 안내 이메일을 수신하지 못한 경우 국제교류팀으로 연락 바랍니다.
2)
가산점 관련 서류는
2026.03.16.(월) 12:00이내
의 기한 내 제출 바라며, 제출자에 한하여 가산점 반영 예정임을 유의 바랍니다. (제출 링크:
구글폼(클릭)
)
3) 면접확인서 발급이 필요한 학생의 경우,
""
면접전형 종료 이후
"" 일주일 이내로
exch@ajou.ac
.kr로 성명/학과/학번/배정된 면접시간과 함께 요청 이메일을 보내주세요.
4) 기타 유의사항 및 안내사항은 아래 자료를 참고하시기 바라며, 미확인으로 인한 불이익은 지원자 본인에게 책임이 있음을 유의 바랍니다.
이전글
2026-1학기 Global Creator(GC) 장학 대상자 모집
다음글
다음글이 없습니다.
목록",2027-12-01,,52fd7cde829e24c72c5ebfe8199a919d8a46418a24997f022bf67bdd65e63d7c,False,False,False,2026-03-17T21:11:36+09:00,2026-03-17T21:11:36+09:00,2027-12-01,2026-03-09,2027-12-01,high,Outgoing,exchange,교환,,e7df6a4850b20d5909cba60e7d051a54a185722d26a2e6d59ed180c1a63e8e41
university_portal,ajou_oia,https://www.ajou.ac.kr/oia/notice/notice.do?mode=view&articleNo=363644&article.offset=0&articleLimit=10,363644,2026-1학기 Global Creator(GC) 장학 대상자 모집,"국제교류팀
국제교류팀
작성일
2026-02-27
조회수
3240
(붙임)2026-1학기 Ajou Global Creator 장학 선발 공고문 및 양식.hwp
참고 사항:
현재 접수 진행 중인
Global Exchange(GE)
장학과
중복 지원 가능
합니다.
장학 금액이 더 큰 GE 장학을 우선 선발할 예정이며, 따라서 중복 지원자 중 GE 장학에 지원하였으나 미 선발된 학생들은 자동으로 본 GC 장학 심사 대상에 포함됨을 참고 바랍니다.
이전글
2026-1학기 Global Exchange(GE) 장학 대상자 모집
다음글
2026-2학기 파견 교환 및 복수학위 2차 모집 서류 합격자 공지
목록",2027-12-01,,cd843b7ba1485065a6b5c69f2c22c5f802cfc73478967879122f02a8ec8aa0d5,False,False,False,2026-03-17T21:11:36+09:00,2026-03-17T21:11:36+09:00,2027-12-01,2026-02-27,2027-12-01,high,Outgoing,exchange,exchange,,7b7b8364fffde5b37c3d32e8cb8bab6c430fb55fbb99ca47bc516d85eb7b8b76
university_portal,ajou_oia,https://www.ajou.ac.kr/oia/notice/notice.do?mode=view&articleNo=363642&article.offset=0&articleLimit=10,363642,2026-1학기 Global Exchange(GE) 장학 대상자 모집,"국제교류팀
국제교류팀
작성일
2026-02-27
조회수
3185
(붙임) 2026-1학기 Ajou Global Exchange(GE) 장학 모집 공고 및 양식.hwp
참고사항:
현재 접수 진행 중인
Global Creator(GC)
장학과
중복 지원 가능
합니다.
장학 금액이 더 큰 GE 장학을 우선 선발할 예정이며, 따라서 중복 지원하였으나 GE장학에 선발된 학생들은 자동으로 GC 장학 심사 대상에 포함되지 않음을 참고 바랍니다.
이전글
「2026 수원-뚜르 청년대사 교류 프로그램」 참가자 모집 안내
다음글
2026-1학기 Global Creator(GC) 장학 대상자 모집
목록",2027-12-01,,337b2d57970bd1a8483835d9563961a6d6c8cbb53cec92c9deb0bc738c6d6b1b,False,False,False,2026-03-17T21:11:36+09:00,2026-03-17T21:11:36+09:00,2027-12-01,2026-02-27,2027-12-01,high,Outgoing,exchange,exchange,,f17e90c03a6beb2c6752194eee98dd2d65f63a55cb5f91346ea1c554b2161972
university_portal,ajou_oia,https://www.ajou.ac.kr/oia/notice/notice.do?mode=view&articleNo=363482&article.offset=0&articleLimit=10,363482,「2026 수원-뚜르 청년대사 교류 프로그램」 참가자 모집 안내,"국제교류팀
국제교류팀
작성일
2026-02-25
조회수
1761
(재)수원시국제교류센터에서 아주대학교 및 대학원 재학생에게
프랑스 뚜르
청년과 교류할 수 있는 기회를 제공합니다.
서로의 문화를 이해하며 국제적 감각과 소통능력을 기를 수 있는
「2026 수원-뚜르 청년대사 교류 프로그램」
에 많은 관심과 참여 바랍니다.
<프로그램 개요>
○ 프로그램명 : 2026 수원-뚜르 청년 대사 교류 프로그램 (Bilateral Youth Ambassador Exchange Program)
○ 활동기간
- 수원시 청년 대사 뚜르시 방문 : 2026. 6. 26.(금) ~ 7. 5.(일)
- 뚜르시 청년 대사 수원시 방문 : 2026. 10. 30.(금) ~ 11. 9.(월) ※변동 가능
○ 대    상 : 수원시 거주 또는 수원시 소재 대학교 및 대학원 재학 청년 2명
○ 주요내용
- 양 도시의 홈스테이 가정에서 지내며 현지 생활 문화 경험
- 참가자 관심사에 기반한 교육, 문화, 예술 등의 경험
- 각 도시 대표로서 도시 홍보 진행 등
○ 선발방법 : 서류 및 면접 심사
○ 경비부담
※왕복 항공료 : 유료 좌석 선택 등 부가 서비스 제외 순수 항공금액
수원시국제교류센터
- 수원시 청년 대사의 왕복 항공료 반액, 프랑스 현지 교통(공항-뚜르 왕복)
- 뚜르시 청년 대사 수원 방문 시 홈스테이, 식사, 관내 교통 및 체험 등
뚜르시
- 수원시 청년 대사의 현지 홈스테이, 식사, 관내 교통 및 체험 등
자부담
- 왕복 항공료 반액, 여행자 보험 및 기타 사비 등
- 수원(한국) 문화 홍보 워크숍 운영 구입비 일부 (개인 한복 등)
<참가자 모집 개요>
○
모집기간
:
2026. 2. 19.(목) ~ 3. 18.(수) 18:00
[4주간]
○
모집대상
: 수원시 청년 2명 (만 19세 ~ 만 25세)
- 수원시 거주 청년
- 수원시 소재 대학 및 대학원에 재학 중인 청년
○
지원자격
- 프랑스 문화에 대한 관심이 있는 자
- 영어 또는 프랑스어 의사소통이 원활한 자
- 2026. 6. 26.(금) ~ 7. 5.(일), 10일간 뚜르시 홈스테이 가정에서 체류가 가능하고, 모든 프로그램에 적극적으로 참여할 수 있는 자
- 뚜르시 청년 대사 수원 방문 시, 체험 동행 등 프로그램 참여가 가능한 자
- 왕복 항공권 반액 및 여행자 보험료 부담이 가능한 자
○
우대사항
- 2026. 11월 수원 방문 예정인 뚜르시 청년 대사에게 홈스테이 제공 및 문화 체험 동행이 가능한 자
○
지원방법
- 센터 홈페이지에서 신청서 양식을 다운로드 후, 작성하여 담당자 이메일로 제출
(접수 이메일 : yeha25@swcic.or.kr)
이전글
찾아가는 학부·석사 연계과정 프로그램 설명회 신청 안내
다음글
2026-1학기 Global Exchange(GE) 장학 대상자 모집
목록",2026-03-18,,1f1e79b8843de6e4f4cc4d5c8dfe7043ed0d8b686e4f6eb843a7add939f755c6,False,False,False,2026-03-17T21:11:36+09:00,2026-03-17T21:11:36+09:00,2026-03-18,2026-02-25,2026-03-18,high,Student Life,visa,체류,,8d0cdf0f152a7c9a3d2a0f37de703a4e2eef3b6b8a84e7764c870ed4faa95c21
university_portal,ajou_oia,https://www.ajou.ac.kr/oia/notice/notice.do?mode=view&articleNo=363275&article.offset=0&articleLimit=10,363275,찾아가는 학부·석사 연계과정 프로그램 설명회 신청 안내,"국제교류팀
국제교류팀
작성일
2026-02-23
조회수
4638
신청서 제출 (클릭)
이전글
2026-2학기 파견 교환 및 복수학위 2차모집 및 학·석사 연계과정 추가모집 공고
다음글
「2026 수원-뚜르 청년대사 교류 프로그램」 참가자 모집 안내
목록",2027-12-01,,f55e50f968383bbf6ebbda381b6275ec5b61f06c93ea91eb22ac0d56367b4223,False,False,False,2026-03-17T21:11:36+09:00,2026-03-17T21:11:36+09:00,2027-12-01,2026-02-23,2027-12-01,high,Outgoing,exchange,교환,,03bbbf4bca8e21e5f807586671bc0d1d6672e29c3811b4e906bba3f94a4e4fd3
university_portal,ajou_oia,https://www.ajou.ac.kr/oia/notice/notice.do?mode=view&articleNo=363273&article.offset=0&articleLimit=10,363273,2026-2학기 파견 교환 및 복수학위 2차모집 및 학·석사 연계과정 추가모집 공고,"국제교류팀
국제교류팀
작성일
2026-02-23
조회수
4507
(붙임1)2026-2학기 학부 해외석사 연계 과정생 2차 추가 모집 공고문.pdf
(붙임2) (2차모집) 2026-2학기 파견 교환 및 복수학위 모집 요강.pdf
(붙임1) (2차모집) 2026-2학기 파견 교환학생 및 복수학위 지원 대학 목록(최종).xlsx
2/25(수) 12:00 기준 지원서 정상 제출 되오니, 지원 희망자의 경우 마감 기한 내 제출하여 주시기 바랍니다.
2026-2학기 파견 교환학생 및 복수학위생 2차 모집 및 학·석사 연계과정 추가모집
을 안내하오니, 붙임의 모집요강을 꼼꼼하게 참고하시어 관심 있는 학생들의 많은 지원 바랍니다.
※유의사항
- 어학시험 증명서 파일명은 성명_학번_2차지원_어학시험종류 로 반드시 변경하여 제출
- 지원서 제출 시 이메일주소는 본교 도메인(@ajou.ac.kr) 계정으로 기재하여 제출
- 학교 별 T/O, 지원 가능 대학, 세부 요건 등은 업데이트 될 경우 본 게시물에 추가됩니다.
- 이전 선발 합격 후 파견 포기한 학생은 국제교류팀으로 문의(exch@ajou.ac.kr) 후 지원 가능합니다.
-
교환신청 대학의 자격요건(어학/전공/학점/파견학년) 검토의 책임은 지원자
에게 있으며,
최종합격 이후 자격요건 미달 및 전공 불일치로 파견이 취소 될 수 있으므로,
대학 홈페이지와 Factsheet 등을 반드시 개별적으로 참고
하여 검토 바랍니다
- 지원 마감일 이후에는 어떠한 사유로도 지망대학 변경이 불가합니다.
- 최종합격자 발표 이후에는 어떠한 서유로도 배정대학 변경이 불가합니다.
- 1년(2개 학기)지원자는 구글폼으로 별도 지원 필수
- (학부 석사 연계과정)
포털 지원 및 구글폼 작성
모두 제출
하여야 정상 접수되오니 이점 유의하시기 바랍니다.
- 구글폼 링크:
https://forms.gle/9s6xSSbd1VvuALCq7
이전글
2026년 상반기 한미대학생연수(WEST) 참가자 모집 안내(중기/단기)
다음글
찾아가는 학부·석사 연계과정 프로그램 설명회 신청 안내
목록",2027-12-01,,d7a77bf8180b104914ba7912896d90eb66c5449bbbc33935254fb86fa412cc90,False,False,False,2026-03-17T21:11:36+09:00,2026-03-17T21:11:36+09:00,2027-12-01,2026-02-23,2027-12-01,high,Outgoing,exchange,교환,,867ae034a20de82a08fbf37883cee7c25b34274dc9e9ac7f47336ac8a26d513f
university_portal,ajou_oia,https://www.ajou.ac.kr/oia/notice/notice.do?mode=view&articleNo=363046&article.offset=0&articleLimit=10,363046,2026년 상반기 한미대학생연수(WEST) 참가자 모집 안내(중기/단기),"국제교류팀
국제교류팀
작성일
2026-02-12
조회수
6936
2026년 상반기 WEST 참가자 모집 공고문.pdf
국립국제교육원에서 제공하는
한미대학생연수(WEST)에 참가할 지원자를 모집합니다.
첨부의 모집공고를 확인하시어 신청기간 내에 필요한 절차를 완료해주시길 바랍니다.
서류 제출 희망자는
국제교류팀 접수 기한을 준수
하여 제출 할 것. (
첨부의 모집 공고에 명시되어 있는 기한과 국제교류팀 접수 마감 기한이 상이함)
1. 온라인 지원서 작성 및 제출 :
2026.02.19.(목)~2026.03.18.(수) 17:00
까지 원드잡플러스 홈페이지(
www.worldjob.or.kr
)
2. 아주대학교 국제교류팀 관련 서류 제출 :
~
2026.03.18.(수) 17:00
까지 국제교류팀 사무실(율곡관 152호) 내방 제출 및 이메일(
exch@ajou.ac.kr
) 제출
(택1이 아닌 방문/이메일 모두 제출)
3. 소득분위 확인 신청(한국장학재단 WEST 어학연수비대출 신청):
~
2026.03.18.(수) 17:00
까지
한국장학재단(
www.kosaf.go.kr
)
4.(공통 유의사항)
- 제출 증빙자료는 모집공고일 ('26.2.11.)이후 발급 서류여야 함
-
서류 미비 혹은 누락으로 인한 책임은 학생 본인
에게 있음을 반드시 유의 바라며, 붙임의 모집 공고를 꼼꼼하게 참고하시어 누락하지 않도록 각별히 주의 바랍니다. (특히 학생 신분에 따른 제출서류가 상이하므로 반드시 모집공고를 참고할 것. EX) 재학생/졸업생/편입생/취업취약계층 등)
이전글
2026-2학기 파견 학부·석사 연계과정 프로그램 2차모집 공고
다음글
2026-2학기 파견 교환 및 복수학위 2차모집 및 학·석사 연계과정 추가모집 공고
목록",2027-12-01,,fade4878a8a56f00226301b215746cea72c2a6b41ee5235a15badc68b6063ad9,False,False,False,2026-03-17T21:11:36+09:00,2026-03-17T21:11:36+09:00,2027-12-01,2026-02-12,2027-12-01,high,Outgoing,exchange,교환,,93bdf0baddd5f7686d4a4024da111e6fdf06c8999054d0569b4886b0c853384d
university_portal,ajou_oia,https://www.ajou.ac.kr/oia/notice/notice.do?mode=view&articleNo=362738&article.offset=0&articleLimit=10,362738,2026-2학기 파견 학부·석사 연계과정 프로그램 2차모집 공고,"국제교류팀
국제교류팀
작성일
2026-02-06
조회수
7234
(붙임1)2026-2학기 학부 해외석사 연계 과정생 2차 모집 공고문.pdf
(붙임2) 졸업계획서.hwp
2026-2학기 파견 해외 우수대학 학부 및 해외석사 연계 과정생 2차모집 안내 주요 사항
- 지원서 제출 기간: 2026.02.06.(금)~2026.02.09.(월) 23:59PM
* 포털 지원 및 구글폼 작성
모두 제출
하여야 정상 접수되오니 이점 유의하시기 바랍니다.
- 구글폼 링크:
https://forms.gle/9s6xSSbd1VvuALCq7
이전글
2026년도 한미 첨단분야 청년교류 지원사업 제5기 장학생 선발 공고(~3/6)
다음글
2026년 상반기 한미대학생연수(WEST) 참가자 모집 안내(중기/단기)
목록",2027-12-01,,e87988619c39f981facb8f64991c1ecf59060551aef089442e5131d4a8ea17e3,False,False,False,2026-03-17T21:11:36+09:00,2026-03-17T21:11:36+09:00,2027-12-01,2026-02-06,2027-12-01,high,Outgoing,exchange,파견,,c34d8c862e12c5ddb555e29c82bc8f0b4d61e8cbc0ca107c128d0c788246c6ba
university_portal,ajou_oia,https://www.ajou.ac.kr/oia/notice/notice.do?mode=view&articleNo=362510&article.offset=0&articleLimit=10,362510,2026년도 한미 첨단분야 청년교류 지원사업 제5기 장학생 선발 공고(~3/6),"국제교류팀
국제교류팀
작성일
2026-02-03
조회수
11699
2026년도 한미 첨단분야 청년교류 지원사업 제5기 장학생 선발 공고문.hwpx
참고. 한미 첨단분야 청년교류 지원사업 FAQ.hwpx
“산업통상자원부”에서는 미국 첨단산업 분야의 기술·경험 습득 기회를 제공하고,
글로벌 인재 육성을 위해 美 대학에 교환학생 파견 예정인 이공계 청년인재를 다음과 같이 모집합니다.
아래 사항과 붙임의 선발 공고문을 참고하시어 관심 있는 학생분들의 많은 지원 바랍니다.
본교 국제교류팀 접수 기한:
2026.02.03.(화)~
2026.03.06.(금) 18:00
(*기한 엄수)
**
붙임의 모집 공고 내 서류접수 기간이 아님. 본교 접수 기한 반드시 엄수할 것
가. 재단명 : 한국산업기술진흥원
나. 장학 금액 및 성격
- 1개 학기 파견자 : $0.9만(12,420천원) (단, 4개월 이상 체류 필수)
- 2개 학기 이상 파견자 :$1.8만(24,840천원) (단, 10개월 이상 체류 필수)
- 첨단산업 체험프로그램 참여 지원(
참여 필수
, 상세내용 공고 필히 확인)
-
생활비성 장학
다. 추천 인원 : 지원 자격 조건에 맞는 자 전원
라. 지원 자격
- 대한민국 국적이며, 4년제 국내 정규대학에 재학 중인
학부생
으로
이공 계열(복수, 부전공이 이공 계열인 학생 가능)
전공자
- 재학 중 최초로
본교
에서
선발되어
교환학생 파견 자격을 취득한 자
- 본교 혹은 단과 대학과
교류 협정이 체결되어 있는
美대학
으로
2026학년도 가을학기 또는 2026학년도 가을학기~2027학년도 봄학기 파견 예정인 자
(파견 기간 중 재학 등록 필수)
- 파견교에서 정규학기 이수하고, 학기당 전공과목(첨단산업분야) 1개 이상 이수 및 본교에서 학점 인정 가능해야 함
-
총 평점이 3.00 이상이며, 직전 학기 성적 기준 12학점 이상 취득 평균 평점 2.00이상인 자
- 파견교에서 요구하는 어학 성적을 갖춘 자
-
접수 마감일 기준으로 모교의 교환학생 파견 자득을 취득해야 함
- 본교 장학금 지급 규칙에 위배되지 않는 자
마. 지원 불가자
- 인문, 상경계 등 이공계 학과 소속의 학부생이 아닌 경우 등
- 대학원생, 외국인(이중 국적, 외국 국적 등) 등
- 현재 해외 대학에 이미 파견되어 수학 중인 자 등
- 해외여행에 결격 사유가 있는 사람 등
바. 의무 사항 :
지원 및 선발 학생은 공고문을 필히 확인하여 재단에서 요구하는 의무 사항을 이행하는 것으로 선발 취소 및 장학금 지급 중단 또는 전액 회수 상황 방지]
사.
본교 국제교류팀 접수 기한:
2026.02.03.(화)~2026.03.06.(금) 18:00
(*기한 엄수)
아. 제출 방법:
원본 서류 일체 구비하여 국제교류팀 사무실 방문 제출 및 사본 일체 이메일(exch@ajou.ac.kr) 제출
(
택1이 아닌, 방문/이메일 모두 제출
)
자. 제출 서류 (붙임의 선발 공고문 필히 참조)
1) 지원서 및 연구·수학계획서 1부
2) 서약서 및 개인정보 수집·이용·제공 동의서 1부
3) 성적 증명서 1부
- 소속대학의 전 학년 누계 평점평균 100점 환산 성적증명서(국문)로 발급 필수
- 문서확인번호(진위확인용), 학교 직인, 학기 및 전체 성적이 모두 표기된 제출용 성적증명서를 정식 발급한 서류만 인정
※
성적 조회용
/
열람용 성적증명서
,
성적증명서 중 페이지
(
캡처
)
제출 시 미인정
4) 외국어 시험 성적표 1부
- 공인외국어성적증명서만 인정(TOEFL, TOEIC, IELTS 등)
- 다른 시험 성적표가 있을 경우 응시자에게 유리한 성적 1건만 제출
5) 가점 확인서(해당 시)
- 세부 사항 선발 공고문 참조
* 제출 서류는
공고 마감일 기준 최근 3개월 이내
발급분에 한하며, 주민등록번호 뒷자리 비공개 출력 제출
* (접수 관련 문의) 각 소속대학 국제부서(교환학생 업무 담당):
exch@ajou.ac
.kr
* (프로그램 관련 문의) 한국산업기술진흥원 korus70@kiat.or.kr(02-6009-3224/3225, naye9822@kiat.or.kr/threesseul@kiat.or.kr)
이전글
2026-2학기 파견 교환 및 복수학위 1차 모집 최종합격자 공고
다음글
2026-2학기 파견 학부·석사 연계과정 프로그램 2차모집 공고
목록",2027-12-01,,9b39d1ac0c45e3c0ebdfa0a8fc5f0556dc8d86c21f4b2c2fbf737e5479c7798a,False,False,False,2026-03-17T21:11:36+09:00,2026-03-17T21:11:36+09:00,2027-12-01,2026-02-03,2027-12-01,high,Outgoing,visa,체류,,4ab35c7922738df2b36a0d418b9a8eef92264bc7997811aa62118454a85881df
university_portal,ajou_oia,https://www.ajou.ac.kr/oia/notice/notice.do?mode=view&articleNo=361495&article.offset=0&articleLimit=10,361495,2026-2학기 파견 교환 및 복수학위 1차 모집 최종합격자 공고,"국제교류팀
국제교류팀
작성일
2026-01-19
조회수
7921
(홈페이지 공지용) 2026-2학기 파견 교환 및 복수학위 1차모집 최종합격자 공지문.pdf
(홈페이지 공지용) 26-2학기 파견 교환 및 복수 최종합격자 명단.pdf
이전글
2026-2학기 파견 교환 및 복수학위 1차 모집 서류 합격자 공지
다음글
2026년도 한미 첨단분야 청년교류 지원사업 제5기 장학생 선발 공고(~3/6)
목록",2027-12-01,,f2d315c164abc1d2dbd796067a8975f9c8798297e93d1f4f82acd069ef1231ba,False,False,False,2026-03-17T21:11:36+09:00,2026-03-17T21:11:36+09:00,2027-12-01,2026-01-19,2027-12-01,high,Outgoing,exchange,교환,,4893531d95b3621ab34d614c1a525c5ff73ef8c2746fd2fd7e4337ba4ec9c3f2
university_portal,ajou_oia,https://www.ajou.ac.kr/oia/notice/notice.do?mode=view&articleNo=367809&article.offset=0&articleLimit=10,367809,[공지]2026학년도 하반기 국외현장실습(글로벌인턴십) 모집 안내(~5/5(화)),"2026학년도 하반기 국외현장실습(글로벌인턴십) 모집 안내(~5/5(화))
국제교류팀
국제교류팀
작성일
2026-04-29
조회수
235
(붙임1) 2026학년도 하반기 국외현장실습(글로벌인턴십) 모집 공고문.pdf
(붙임2) 2026학년도 하반기 국외현장실습(글로벌인턴십) 지원서식_학생 지원용.hwp
(붙임3) 영문 이력서 양식.docx
2026학년도 하반기 국외현장실습(글로벌인턴십) 모집
을 안내하오니,
붙임의 모집요강을 꼼꼼하게 참고하시어 관심 있는 학생들의 많은 지원 바랍니다.
지원서 제출 링크
:
구글폼(클릭)
제출 기한: ~2026.05.05.(화) 23:59",2027-12-01,,9c39a736bd536a26924d081b7b9daf36fd437405c1973dca21db01d23bd13132,False,False,False,2026-04-29T14:01:56+09:00,2026-04-29T14:01:56+09:00,2027-12-01,2026-04-29,2027-12-01,high,공지,general,no_match,,8c3406d909a409448546131a0f0bafc97e3c44a3009191f07b6868b1d73ac683
university_portal,ajou_oia,https://www.ajou.ac.kr/oia/notice/notice.do?mode=view&articleNo=322173&article.offset=0&articleLimit=10,322173,[공지][필독][26.3월 업데이트] 학점이관 신청 방법 및 안내사항 총정리 (2026.03. ver.),"[필독][26.3월 업데이트] 학점이관 신청 방법 및 안내사항 총정리 (2026.03. ver.)
국제교류팀
국제교류팀
작성일
2024-06-27
조회수
138458
학점이관 매뉴얼(2026.03.).pdf
※이메일 문의 전 반드시 안내사항을 꼼꼼하게 숙지하시기 바랍니다.
학점이관 안내자료를 숙지하고 않고 문의하는 경우 답변이 어려움을 유의 바랍니다.
예)
몇 학점 이관되나요? / 전공 학점은 어떻게 인정 받나요? / 전공 아닌 수업을 수강해도 되나요? / 학점 이관 기한이 있나요? / 학점 이관은 필수인가요?
▶
학점이관 신청서 제출 FORM(클릭)
안녕하세요, 국제교류팀 입니다.
파견 프로그램을 이수함에 있어서 학점이관 절차와 관련하여 서류 미비와 절차 혼동이 발생하는 경우가 다수 있어 이를 방지하고자 학점이관 절차 및 전공 학점으로의 인정에 대한 사항을 정리하여 안내 드립니다.
첨부 자료의 내용을 반드시 2번 이상 꼼꼼하게 읽으신 후 학점이관 절차를 진행해주시기를 바랍니다.
더불어, 학점이관 안내자료를 숙지하고 않고 문의하는 경우 답변이 어려움을 유의 바랍니다.
예) 몇 학점 이관되나요?
2026.03.기준 updated 주요 사항
1) 전 과목에 대한 과목개요번역문 필수 제출
2) Checklist, 시간표, 추가 증빙서류 제출 불필요
* 서류 미흡 혹은 아래 항목 내 보완 사항이 발생할 경우 학점 이관 절차에 지연에 대한 책임은 학생 본인에게 있습니다.
*
수정 및 보완 사항이
없을
경우
통상 2주 이내 교무팀에 전달하며
, 보완이 필요할 경우 최대 2개월이상까지 소요될 수 있습니다.
** 문의 전 반드시 붙임의 관련 안내자료를 꼼꼼하게 읽으시기 바랍니다. (FAQ 등)
학점이관 안내자료를 숙지하고 않고 문의하는 경우 답변이 어려움을 유의 바랍니다.
예)
몇 학점 이관되나요? / 전공 학점은 어떻게 인정 받나요? / 전공 아닌 수업을 수강해도 되나요? / 학점 이관 기한이 있나요? / 학점 이관은 필수인가요?
* 관련 문의사항:
exch@ajou.ac.kr",2030-06-30,,4de0799f40afa6757f75bf3e33088bcf1d512c6d578a9d6164bd8360fb6ad5e8,False,False,False,2026-04-29T14:01:56+09:00,2026-04-29T14:01:56+09:00,2030-06-30,2024-06-27,2030-06-30,high,공지,general,no_match,,aa0c8e2bd4eb6e6500a0aab7069366f6291b483d7125ccd6fa37794e86c5a0c4
university_portal,ajou_oia,https://www.ajou.ac.kr/oia/notice/notice.do?mode=view&articleNo=367409&article.offset=0&articleLimit=10,367409,2026-2학기 파견 교환 및 복수학위 3차 모집 최종합격자 공고,"국제교류팀
국제교류팀
작성일
2026-04-22
조회수
1753
(홈페이지 게시용) 2026-2학기 파견 교환 및 복수학위 3차모집 최종합격자 공지문.pdf
(홈페이지 게시용) 2026-2학기 파견 교환 및 복수학위 3차모집 최종합격자 명단.pdf",2027-12-01,,46c4d55a9960f80751219aada8bbd995b96bca1afde70724ed919cb1ea84238f,False,False,False,2026-04-29T14:01:56+09:00,2026-04-29T14:01:56+09:00,2027-12-01,2026-04-22,2027-12-01,high,Outgoing,general,no_match,,cdfdaa0e9f207bf64507d613967d7a3a2755d418a5c247c9cfe7a4f6d30547c4
university_portal,ajou_oia,https://www.ajou.ac.kr/oia/notice/notice.do?mode=view&articleNo=367243&article.offset=0&articleLimit=10,367243,[국제교류팀] 2026 파란사다리 모집 공고,"국제교류팀
OIA
작성일
2026-04-17
조회수
1699
1. 2026 아주대학교 파란사다리 모집공고문.pdf
2. 2026 아주대학교 파란사다리 모집요강.pdf
3. 2026년 아주대학교 파란사다리 참가신청서류(본교생).zip
4. AIMS 지원서 작성 방법.pdf
2026 아주대학교 파란사다리 프로그램에 참여할 학생들을 모집합니다. 학생들의 많은 관심과 지원 바랍니다.
구글폼 지원서 :
지원서 바로가기
* 선발일정
1) 지원서 접수 : 4월 20일(월) ~ 4월 30일(목) 17시
2) 면접심사 : 5월 11일(월) 예정
3) 최종 합격자 발표 : 5월 13일(수) 예정
*기타 문의사항 : afteryou@ajou.ac.kr (이메일 문의 바랍니다)",2026-04-30,,5632208fa4c72ee001cf04985110a98e28ea7763ef724a6e19bb738c3fef3542,False,False,False,2026-04-29T14:01:56+09:00,2026-04-29T14:01:56+09:00,2026-04-30,2026-04-17,2026-04-30,high,Outgoing,general,no_match,,419e5b511d26456cf65accbee8b338027a42a6163d6b07a8e30aea79ff9f9517
university_portal,ajou_oia,https://www.ajou.ac.kr/oia/notice/notice.do?mode=view&articleNo=367221&article.offset=0&articleLimit=10,367221,[국제교류팀] [하계 2차] 2026 해외단기파견 프로그램 참가자 모집 (4/20~4/24),"국제교류팀
강혜령
작성일
2026-04-17
조회수
3576
(필독) 2026-하계 2차 해외단기파견 학생 모집 공고문(2026.04.16.).pdf
(2차) 26-하계 해외단기파견프로그램 지원방법.pdf
(지원동기서)_2026_하계_해외단기파견프로그램_(양식).docx
(지원동기서)_2026_하계_해외단기파견프로그램_(양식).hwp
서약서(8학기참여자).hwp
26-하계 2차 사전설명회 자료.pdf
2026년 하계 2차 해외단기파견 프로그램 참가자 모집
▶[필독]
학생 모집 공고문
PDF
파일
을 꼭! 확인하여
파견교별 과목, 어학성적 요건, 장학금 등에 대한 상세한 내용을 빠짐없이 읽어주세요.
▶
[일정]
▷
2026.4.20.(월) ~ 2026.4.24.(금) 15:00까지
| 지원서 작성 (★
★
★
아주포털 및 구글폼(지원동기) 꼭
2개 모두
작성!
★
★
★
)
▷ 2026.4.30.(목) 18:00 이후 | 합격자 발표
▶
[지원 방법]
1. AIMS 포털 신청
2. 구글폼 지원서 제출:
https://forms.gle/ReEPrsVJUTvRmnTt9
▶
[문의]
율곡관 152호 ㅣ tel: 031-219-3314 ㅣ
short-term@ajou.ac.kr
▶ [파견교별 프로그램 Brochure]
[필독]
학생 모집 공고문
PDF
파일
내 링크 확인 및
구글드라이브
(클릭) 확인
▶ [파견교별 참가자 후기]
국제교류팀 홈페이지:
기파견자 참가후기 바로가기
(클릭)
▶ [사전설명회 참여방법]
- ZOOM 온라인 사전설
명회 진행: 4.22
.(수) 17:00 (회의실 코드: 914 228 7804 / PW: 0424)
https://ajou-ac-kr.zoom.us/j/9142287804?pwd=LbJHpj24xk6PwEZTQJ4JpDm8WzyES6.1
▶ [문의사항]
○
국제협력처 국제교류팀
(Office of International Affairs, Int’l Exchange and Cooperation Team)
☞ 아주대학교 율곡관 152호
 E-mail:
short-term@ajou.ac.kr
☎ 031-219-3314

https://oia.ajou.ac.kr/oia/outgoing/short-intro.do",2026-04-24,,549f363d6ac84c3c3a7bae05a05b0c7df68f2dd1f86820e9410d44a1dd83b97c,False,False,False,2026-04-29T14:01:56+09:00,2026-04-29T14:01:56+09:00,2026-04-24,2026-04-17,2026-04-24,high,Outgoing,exchange,exchange,,58197502489259e0a7caa7cc443ab8fa66604f841668f37aaf8a7fae3977dec2
university_portal,ajou_oia,https://www.ajou.ac.kr/oia/notice/notice.do?mode=view&articleNo=367101&article.offset=0&articleLimit=10,367101,2026년도 한미 첨단분야 청년교류 지원사업 예비 장학생 선발 공고(~4/22(월)),"국제교류팀
국제교류팀
작성일
2026-04-15
조회수
4566
참고. 한미 첨단분야 청년교류 지원사업 FAQ.hwpx
2026년도 한미 첨단분야 청년교류 지원사업 예비장학생 선발 공고문_최종.hwpx
“산업통상자원부”에서는 미국 첨단산업 분야의 기술·경험 습득 기회를 제공하고,
글로벌 인재 육성을 위해 美 대학에 교환학생 파견을 희망하는 이공계 청년인재를 다음과 같이 모집합니다.
아래 사항과 붙임의 선발 공고문을 참고하시어 관심 있는 학생분들의 많은 지원 바랍니다.
본교 국제교류팀 접수 기한:
2025.04.29.(수) 18:00 (*기한 엄수)
* 서류 제출 후 유관 부서에서 제출서류 및 자격요건 검토가 필요하므로,
선발 공고문 내 명시된 기관 접수 기한이 아닌 본교 접수기한을 준수할 것
가. 기관명 : 한국산업기술진흥원
나. 장학성격 및 금액
1) 예비장학생 제도를 통한 장학 후보학생 선정
2) 교환학생으로 최종선발이 될 경우, 2027년 별도의 심사절차 없이 추가 서류(최종 파견 정보) 제출 후 장학생으로 최종 확정
3) 예비 장학생 대상 중간 OT를 통해 동 사업 관련 정보 제공, 국내 산업 특강 등 대외활동 참여 기회 제공
4) 금액 : 24,840천원(약 $1.8만) ""최종장학생에게 지급"" / 생활비성
※ 정규 두 학기 이상, 10개월 이상 체류
다. 절차 : 예비 장학생 선정 → 본교 교환학생 선발 → 최종 장학생 확정
※ 자세한 내용은 선발 공고문 참고
라 . 지원자격
1) 대한민국 국적이며, 4년제 국내 정규대학에 재학 중인 학부생으로 이공계열 전공자
※ 복수, 부전공 등이 이공계이며 해당 전공으로 파견가는 경우도 가능
2) 본교에서 선발되어 미국 파견 자격을 취득한 자
3) 본교 또는 단과대학과 교류협정이 체결되어 있는 美대학으로 2027 봄 ~ 2027 가을학기 파견             예정인 자 (파견학기 중 본교 재학등록 필수)
4) 파견교에서 정규학기 이수하고, 학기당 전공과목(첨단산업분야) 1개 이상 이수 및 본교에서             학점인정 가능해야 함.
5) 직전학기 성적기준 12학점 이상, 평점평균 2.0 이상이며 전체 평점평균 3.0이상인 자
6) 파견교에서 요구하는 어학성적을 갖춘 자
7) (최종장학생 선발자격) 예비 장학생으로 선발된 자는 본교의 美 파견 교환학생 모집공고에 신청하여 교환학생 자격을 획득해야 함
※ 해당 학기 본교 교환학생 선발에 불합격하거나 미국 外 타국으로 파견 또는 이공계 外 전공으로 파견시에는 장학생 자격 박탈
※ 대학 사정으로 2027년 봄 ~ 2027년 가을학기 美 대학 교환학생 파견이 불가능한 경우에도 장학생 자격 박탈(유예, 학기변경 불가능)
마. 지원불가
1) 인문, 상경계 등 이공계 학적의 학부생이 아닌 경우 등
2) 대학원생, 외국인(이중국적, 외국 국적 등) 등
3) 현재 미국 대학에 이미 파견되어 수학 중인 자 등
4) 해외여행에 결격사유가 있는 자
바. 의무사항 : 지원 및 선발 학생은 공고문을 필히 확인하여 재단에서 요구하는 의무사항을 이행하는 것으로 선발 취소 및 장학금 지급 중단 또는 전액 회수 상황 방지
사. 본교 국제교류팀 접수 기한:  2025.04.29.(수) 18:00 (*기한 엄수)
자. 제출서류
1) 지원서 및 연구·수학계획서 1부
2) 서약서 및 개인정보 수집·이용·제공 동의서 1부
3) 성적 증명서 1부
- 소속대학의 전 학년 누계 평점평균 100점 환산 성적증명서(국문)로 발급 필수
- 문서확인번호(진위확인용), 학교 직인, 학기 및 전체 성적이 모두 표기된 제출용 성적증명서를 정식 발급한 서류만 인정
※ 성적 조회용/열람용 성적증명서, 성적증명서 중 페이지(캡처) 제출 시 미인정
4) 외국어 시험 성적표 1부.
- 공인외국어성적증명서만 인정(TOEFL, TOEIC, IELTS 등)
5) 가점 확인서(해당 시)
- 세부 사항 선발 공고문 참조
* 제출 서류는 공고 마감일 기준 최근 3개월 이내 발급분에 한하며, 주민등록번호 뒷자리 비공개 출력 제출
차. 유의사항
1) 필수 서류 미제출 지원자의 경우 심사 제외
2) 가점확인서 미제출 시 가점 반영 불가
3) 모든 서류는 공고 마감일 기준 최근 3개월 이내 발급분에 한하여 인정, 주민등록번호 뒷자리 비공개 출력 후 제출",2027-12-01,,e95ca7b66b0ccc6620ff0f64226bc2a678f6585e0bd9b872cf9aa3f9c1c7f391,False,False,False,2026-04-29T14:01:56+09:00,2026-04-29T14:01:56+09:00,2027-12-01,2026-04-15,2027-12-01,high,Outgoing,general,no_match,,ab371d31df0a0765b5a84c82dd7937d0580d7471b7f56231ec2e9c771632156e
university_portal,ajou_oia,https://www.ajou.ac.kr/oia/notice/notice.do?mode=view&articleNo=366847&article.offset=0&articleLimit=10,366847,2026-2학기 파견 교환 및 복수학위 3차 모집 서류 합격자 공지,"국제교류팀
국제교류팀
작성일
2026-04-10
조회수
2891
(홈페이지 공지용) 2026-2학기 파견 교환 및 복수학위 3차모집 서류합격자 공고문.pdf
(홈페이지 공지용) 2026-2학기 파견 교환 및 복수학위 3차모집 서류합격자 명단.pdf
*공통 유의사항(필독)
1) 면접 대상자들에게는 면접 일정 및 ZOOM 링크가
2026.04.10.(금) 18:00이내
지원서 제출 시 기입했던 이메일로 일괄 발송 될 예정입니다.
면접대상자 명단에 포함되었으나
2026.04.10.(금) 18:00이내
면접 안내 이메일을 수신하지 못한 경우 국제교류팀으로 연락 바랍니다.
2)
가산점 관련 서류는
2026.04.15.
(수
) 12:00이내
의 기한 내 제출 바라며, 제출자에 한하여 가산점 반영 예정임을 유의 바랍니다. (제출 링크:
구글폼(클릭)
)
3) 면접확인서 발급이 필요한 학생의 경우,
""
면접전형 종료 이후
"" 일주일 이내로
exch@ajou.ac
.kr로 성명/학과/학번/배정된 면접시간과 함께 요청 이메일을 보내주세요.
4) 기타 유의사항 및 안내사항은 아래 자료를 참고하시기 바라며, 미확인으로 인한 불이익은 지원자 본인에게 책임이 있음을 유의 바랍니다.",2027-08-31,,5d69afebe06b2af19fc5ae36c6d3781c31b2afee80e1dca49ec98244e34b924c,False,False,False,2026-04-29T14:01:56+09:00,2026-04-29T14:01:56+09:00,2027-08-31,2026-04-10,2027-08-31,high,Outgoing,general,no_match,,610de2fdf0eff0eee68c3721e2ee9fff0f3fdea1b4a7bd5d08e317a2b6950c9f
university_portal,ajou_oia,https://www.ajou.ac.kr/oia/notice/notice.do?mode=view&articleNo=366009&article.offset=0&articleLimit=10,366009,2026년 하계 1차 해외단기파견 합격자 발표,"국제교류팀
OIA
작성일
2026-03-30
조회수
3253
2026-하계 해외단기파견 1차모집 최종합격자 안내.pdf
2026-하계 해외단기파견 1차 모집 합격자 명단.pdf
2026학년도 하계계절 해외단기파견프로그램
1차 모집
최종 합격자 발표
2026학년도 하계계절 해외단기파견 프로그램 1차 모집에 지원해주신 학생 여러분께 감사드립니다.
진행된 서류심사 결과에 따른 최종 합격자와 파견대학은 붙임의 ""합격자 명단""을 확인 부탁 드립니다.
26-하계 1차 해외단기파견 합격자에게는 개별적으로 이메일을 발송할 예정이니,
확인 후 이메일로 회신
부탁드립니다.
감사합니다.
국제협력처 국제교류팀
031-219-3314 |
short-term@ajou.ac.kr",2026-03-31,,156155d6b3a7fbf787cffd8414634ce3bfe0369c3b94a401220f79ed0e3444f0,False,False,False,2026-04-29T14:01:56+09:00,2026-04-29T14:01:56+09:00,2026-03-31,2026-03-30,2026-03-31,high,Outgoing,general,no_match,,1046109e7c4f4b8d59e9aa1d32fd884599a40c3e33d52a9afc8efefe09e352ff
university_portal,ajou_oia,https://www.ajou.ac.kr/oia/notice/notice.do?mode=view&articleNo=365944&article.offset=0&articleLimit=10,365944,2026-2학기 파견 교환 및 복수학위 3차모집 공고,"국제교류팀
국제교류팀
작성일
2026-03-30
조회수
6318
(붙임1) (3차모집) 26-2학기 파견 교환 및 복수학위 모집 요강.pdf
(붙임2) (3차모집) 2026-2학기 파견 교환학생 및 복수학위 지원 대학",2028-03-01,,c90cf8001bc18ad3c6279a36d323850a8d4a95ac82d0882b412e8b65af4a7019,False,False,False,2026-04-29T14:01:56+09:00,2026-04-29T14:01:56+09:00,2028-03-01,2026-03-30,2028-03-01,high,Outgoing,general,no_match,,3ee0502d973c5b6db35ab192c8476a6e5d85b229da8ece2bb16bb04a3caf0e4c
university_portal,ajou_oia,https://www.ajou.ac.kr/oia/notice/notice.do?mode=view&articleNo=365561&article.offset=0&articleLimit=10,365561,2026-2학기 파견 교환 및 복수학위 2차 모집 최종합격자 공고,"국제교류팀
국제교류팀
작성일
2026-03-23
조회수
4558
(홈페이지 공지용) 2026-2학기 파견 교환 및 복수학위 2차모집 최종합격자 공지문.pdf
(홈페이지 공지용) 2026-2학기 파견 교환 및 복수학위 2차모집 최종합격자 명단.pdf",2027-12-01,,b83ff9676bb42d1bfd74926aafb24b202321759ecf2c4738f0835a4bec323ba5,False,False,False,2026-04-29T14:01:56+09:00,2026-04-29T14:01:56+09:00,2027-12-01,2026-03-23,2027-12-01,high,Outgoing,general,no_match,,f52e430c7f3dcf84d42decff6e06b68e87ace702032552b8389b65b293e92509
university_portal,ajou_oia,https://www.ajou.ac.kr/oia/notice/notice.do?mode=view&articleNo=365448&article.offset=0&articleLimit=10,365448,"2026-1학기 파견 교환학생 장학 선발자 발표(TE, GE, GC)","국제교류팀
국제교류팀
작성일
2026-03-20
조회수
7007
2026-1학기 파견 교환학생 장학(TE, GE, GC)최종합격자를 아래와 같이 공고합니다.
*공통 유의사항
1. 파견대학 입학허가가 확정되어 입학허가서를 수령한 후 2026학년도 1학기 장학금으로 지급될 예정
2. 2026학년도 1학기 기준 교내 장학 수혜 자격에 결격사유가 없는 경우에 한하여 지급 가능(※ 교내장학 수혜 자격: 2026-1학기 재학, 직전학기 12학점 이상 취득, 평점평균 2.0이상인 자)
3. 본 장학금 수령 후 부득이 파견을 포기하거나 중도 귀국 시 장학금 전액 환불
4. 본 장학 수혜자는
각종 파견 교환학생 장학(교내 교환학생 장학 및 ASEM-DUO Scholarship, 미래에셋 장학, 파견대학 장학(Erasmus+, 파견교 고유 장학 등)과 중복수혜
불가
* 지원 희망 시 반드시 국제교류팀에 사전 문의 바라며, 타 장학 합격 지 파견 교환학생 장학금은 환수될 수 있음을 유의 바랍니다.
5. 장학금 지급 예정일은 2026.04.01.(수) 이며, GC장학생의 경우 기 안내한 바와 같이 파견 종료 이후 소정의 심사를 거쳐 지급됩니다.
* 장학 선발 대상자 중 무료복학생인 경우 3차 등록기간 이후 4월 이내 별도 지급됩니다.
Top Exchange (TE)장학 최종합격자
Global Exchange (GE)장학 최종합격자
Global Creator (GC)장학 최종합격자
* 합격자 분들은 전형 별로 활동 시작하시면 됩니다.
* 요건 미충족자는 활동 종료 이후 장학 지급이 불가하므로, 전형 별 업로드 요건을 반드시 준수하시어 성실한 활동을 부탁드립니다.",2027-12-01,,202960bb291a3eac3a9982e8fee9942bc768298f66ce07b96ebab59d27894c9a,False,False,False,2026-04-29T14:01:56+09:00,2026-04-29T14:01:56+09:00,2027-12-01,2026-03-20,2027-12-01,high,Outgoing,scholarship,scholarship,,078cadb2322798ba421ed0e5aca1ac514c02883b9398977f212b300f106c597d
university_portal,ajou_oia,https://www.ajou.ac.kr/oia/notice/notice.do?mode=view&articleNo=365179&article.offset=0&articleLimit=10,365179,[국제교류팀] [하계 1차] 2026 해외단기파견 프로그램 참가자 모집 (3/20~3/25),"국제교류팀
국제교류팀
작성일
2026-03-19
조회수
6078
(1차) 26-하계 해외단기파견프로그램 지원방법.pdf
(지원동기서)_2026_하계_해외단기파견프로그램_(양식).docx
(지원동기서)_2026_하계_해외단기파견프로그램_(양식).hwp
서약서(8학기참여자).hwp
(필독) 2026-하계 1차 해외단기파견 학생 모집 공고문(2026.03.19.).pdf
26_하계 1차 사전설명회 자료.pdf
2026년 하계 1차 해외단기파견 프로그램 참가자 모집
▶[필독]
학생 모집 공고문
PDF
파일
을 꼭! 확인하여
파견교별 과목, 어학성적 요건, 장학금 등에 대한 상세한 내용을 빠짐없이 읽어주세요.
▶
[일정]
▷
2026.3.20.(금) ~ 2026.3.25.(수) 15:00까지
| 지원서 작성 (★
★
★
아주포털 및 구글폼(지원동기) 꼭
2개 모두
작성!
★
★
★
)
▷ 2026.3.30.(월) 18:00 이후 | 합격자 발표
▶
[지원 방법]
1. AIMS 포털 신청
2. 구글폼 지원서 제출:
https://forms.gle/LsuMZtU1NYPgFehh8
▶
[문의]
율곡관 152호 ㅣ tel: 031-219-3314 ㅣ
short-term@ajou.ac.kr
▶ [파견교별 프로그램 Brochure]
[필독]
학생 모집 공고문
PDF
파일
내 링크 확인 및
구글드라이브
(클릭) 확인
▶ [파견교별 참가자 후기]
국제교류팀 홈페이지:
기파견자 참가후기 바로가기
(클릭)
▶ [사전설명회 참여방법]
- ZOOM 온라인 사전설
명회 진행: 3.23
.(월) 13:30 (회의실 코드: 914 228 7804 / PW: 1234)
https://ajou-ac-kr.zoom.us/j/9142287804?pwd=QjJ1NGdwRG16dDZKVnJWQVFUZ3V0QT09
▶ [문의사항]
○
국제협력처 국제교류팀
(Office of International Affairs, Int’l Exchange and Cooperation Team)
☞ 아주대학교 율곡관 152호
 E-mail:
short-term@ajou.ac.kr
☎ 031-219-3314

https://oia.ajou.ac.kr/oia/outgoing/short-intro.do",2026-03-25,,979d7cd8095432a48c8f89840837a60198f6042c105696560b8b5de772063afe,False,False,False,2026-04-29T14:01:56+09:00,2026-04-29T14:01:56+09:00,2026-03-25,2026-03-19,2026-03-25,high,Outgoing,exchange,exchange,,fbdcdb36f9a3e810513701d702546b0d739e3b7af93e0a426b056b82cc9c6ad8
